{
    "root_group": {
        "checks": {
            "status is 200": {
                "name": "status is 200",
                "path": "::status is 200",
                "id": "6210a8cd14cd70477eba5c5e4cb3fb5f",
                "passes": 4094,
                "fails": 0
            },
            "page contains text": {
                "id": "a8312a3ee5b4575f7477195401bb7d98",
                "passes": 4094,
                "fails": 0,
                "name": "page contains text",
                "path": "::page contains text"
            }
        },
        "name": "",
        "path": "",
        "id": "d41d8cd98f00b204e9800998ecf8427e",
        "groups": {}
    },
    "metrics": {
        "http_req_duration{expected_response:true}": {
            "med": 22.2837,
            "max": 695.9327,
            "p(90)": 45.294630000000005,
            "p(95)": 58.42435999999999,
            "avg": 28.628322300928076,
            "min": 0.8779
        },
        "http_req_blocked": {
            "p(90)": 0,
            "p(95)": 0,
            "avg": 0.7093821201758672,
            "min": 0,
            "med": 0,
            "max": 203.6227
        },
        "http_reqs": {
            "count": 4094,
            "rate": 22.65456749484286
        },
        "http_req_duration": {
            "max": 695.9327,
            "p(90)": 45.294630000000005,
            "p(95)": 58.42435999999999,
            "avg": 28.628322300928076,
            "min": 0.8779,
            "med": 22.2837
        },
        "http_req_tls_handshaking": {
            "avg": 0.37687337567171486,
            "min": 0,
            "med": 0,
            "max": 133.2672,
            "p(90)": 0,
            "p(95)": 0
        },
        "data_received": {
            "count": 11945819,
            "rate": 66103.41055610069
        },
        "http_req_receiving": {
            "avg": 1.1808694919394234,
            "min": 0,
            "med": 0.13365,
            "max": 112.7956,
            "p(90)": 3.8423400000000014,
            "p(95)": 6.4404949999999985
        },
        "data_sent": {
            "count": 243454,
            "rate": 1347.1775952343608
        },
        "http_req_sending": {
            "med": 0.3445,
            "max": 29.0424,
            "p(90)": 0.9077300000000011,
            "p(95)": 1.4446499999999998,
            "avg": 0.4699945041524176,
            "min": 0
        },
        "http_req_failed": {
            "passes": 0,
            "fails": 4094,
            "value": 0
        },
        "checks": {
            "passes": 8188,
            "fails": 0,
            "value": 1
        },
        "vus_max": {
            "value": 50,
            "min": 50,
            "max": 50
        },
        "http_req_waiting": {
            "avg": 26.977458304836283,
            "min": 0.1042,
            "med": 20.7914,
            "max": 582.5929,
            "p(90)": 43.93968,
            "p(95)": 56.31153999999999
        },
        "iterations": {
            "count": 4094,
            "rate": 22.65456749484286
        },
        "vus": {
            "value": 1,
            "min": 1,
            "max": 50
        },
        "http_req_connecting": {
            "med": 0,
            "max": 88.2478,
            "p(90)": 0,
            "p(95)": 0,
            "avg": 0.3174491206643868,
            "min": 0
        },
        "iteration_duration": {
            "max": 1901.6645,
            "p(90)": 1051.29682,
            "p(95)": 1068.6336350000001,
            "avg": 1032.2787231558352,
            "min": 1006.7418,
            "med": 1024.90115
        }
    }
}